"","plot","mean.height","height.2","mean.height.var","mean.height.rms","transect.length","mode.el","max.el","mode.2","max.can.ht","mean.max.ht","mean.vai","mean.peak.vai","deep.gaps","deep.gap.fraction","porosity","std.std","mean.std","rugosity","top.rugosity","plot","mean.return.ht","sd.return.ht","sky.fraction","cover.fraction","max.ht","scan.density","rumple","clumping.index","enl"
"1","osbs",4.20511584360622,5.61490690499342,31.5271795517428,6.95859176278486,40,3.975,5.75965988580661,5.35646027397447,14.827,4.4666,1.50692583605863,0.93175522747452,24,0.6,0.928125,0.456652108941923,0.243995875015807,0.630173088855113,5.86130477204259,"osbs",10.7643121919159,3.56999209844749,71.0218074469098,28.9781925530902,14.827,262.65,2.125,0.982325821416255,11.0208333333333
