"","plot","mean.height","transect.length","mode.el","height.2","max.el","mode.2","max.can.ht","mean.max.ht","mean.vai","max.vai","deep.gaps","porosity","std.std","mean.std","rugosity","top.rugosity","plot","mean.return.ht","sd.return.ht","sky.fraction","cover.fraction","max.ht","scan.density","rumple","clumping.index"
"1","osbs",4.26528039513924,40,4.1,5.74611537461567,15,5.52630075185924,14.777,4.4466,1.50868022202354,8.07017543859649,24,0.925,0.478105782627121,0.246677750967566,0.645953457924567,5.83786273588862,"osbs",10.2993489780469,3.64989575345275,73.3508170264273,26.6491829735727,14.777,247.95,2.125,0.978719836379714
