"","plot","mean.height","height.2","mean.height.var","mean.height.rms","transect.length","mode.el","max.el","mode.2","max.can.ht","mean.max.ht","mean.vai","mean.peak.vai","deep.gaps","deep.gap.fraction","porosity","std.std","mean.std","rugosity","top.rugosity","plot","mean.return.ht","sd.return.ht","sky.fraction","cover.fraction","max.ht","scan.density","rumple","clumping.index","enl"
"1","UVAX_A4_01W.csv",11.9775544525919,4.92255371932572,24.2315351196475,12.9262352371625,40,11.95,7.55158590485134,6.63692081832516,26.511,17.5717,7.30003873313839,3.43842006526539,0,0,0.739285714285714,489.547075725878,15.4402169887464,15.8476110207912,6.53910106815051,"UVAX_A4_01W.csv",9.11469073893002,5.13002701908063,1.73632557820328,98.2636744217967,26.511,364.4,4.925,0.924918927854041,20.6851043182921
